M246,jeux de plateaux
M250,corinthe
L255,bijouterie
B033,vehicule
M243,gateau
M037,animal
M155,insect
L052,activite
M143,avril
B055,activite
L131,angleterre
M257,halloween
L257,miami
B154,legumes
B247,bicyclette
L048,animal
M053,nourriture
B240,paris
M232,parme
L233,plomberie
L145,fusee
L258,intraprenariat
B141,bateau
L241,10/03
L235,athenes
B050,activite
B057,date
L042,emplacement
L148,sport
B235,wagon
M153,oiseau
L057,animal
B256,madrid
B241,grenade
M041,emplacement
B139,poisson
M139,septembre
B253,20/03
M255,venise
L032,activite
L043,emplacement
M040,emplacement
L047,animal
B059,nourriture
M259,tomate
M149,avril
B040,nourriture
M239,san fransico
L031,activite
M052,emplacement
L059,vehicule
L242,gnocchis
M131,bateau
L033,animal
B258,mouscrons
B048,date
M144,espagne
M045,emplacement
M240,mangue
M051,nourriture
B035,vehicule
B148,desserts
M049,vehicule
L230,patras
L035,emplacement
B136,fruit
M133,entreprise
B236,management
B234,sncf
L152,desserts
M140,sport
L155,entreprise
L157,grece
M135,bateau
M253,10/12
B238,cygne
L045,emplacement
B150,fastfood
M050,nourriture
B232,jeux video
B245,locomotive
M138,poisson
B237,patate douce
L239,corbeau
L140,bateau
M233,tourcoing
B042,nourriture
M248,criquet
L254,naples
L143,france
B130,jeux
L252,paque
L158,mars
B052,animal
B045,nourriture
L138,insect
B036,animal
L232,tomate
B133,oiseau
M242,florence
L249,st patrick
L247,athenes
B248,toyota
L058,date
M244,ile flottante
L256,new york
M043,date
B155,poisson
M150,train
B243,22/03
L231,truite
B053,emplacement
L037,animal
L054,activite
B140,art
M238,vtt
M247,lille
L141,poisson
B145,espagne
M130,reptile
L244,namur
M142,septembre
L245,avion-de-chasse
M235,15/01
M158,fusee
B043,nourriture
B046,nourriture
M032,activite
B156,mammifere
L234,20/09
L149,profession
M252,jet-prive
L030,emplacement
L250,abeille
L056,activite
L039,animal
M046,emplacement
L139,artisanat
M035,nourriture
L153,pates
M057,vehicule
B058,nourriture
L150,poisson
B038,activite
L046,emplacement
M048,animal
L151,artisanat
M137,janvier
M258,truite
L156,fusee
L049,emplacement
L041,emplacement
L133,sport
M231,reveillon
L036,animal
B032,vehicule
M058,vehicule
L051,emplacement
B041,date
B251,poivron
M245,st valentin
M256,bologne
M047,emplacement
L136,grece
B147,septembre
B144,legumes
M156,grece
M230,houston
B047,activite
M134,legumes
L240,honda
B137,patates
L134,espagne
L147,fruit
M159,angleterre
B149,desserts
M031,activite
L132,belgique
L038,nourriture
L034,activite
L159,grece
L237,champignon
M254,tennis
B142,art
M249,spatial-tesla
B231,furet
B049,animal
M132,france
M136,desserts
M038,animal
M056,activite
L154,fastfood
B054,vehicule
M147,legumes
B254,intraprenariat
L259,bologne
M148,legumes
L238,21/03
B230,menuiserie
B259,linguinie
B131,octobre
L130,entreprise
L146,velo
B255,st patrick
M141,entreprise
M059,nourriture
B134,janvier
M234,seville
B031,nourriture
B242,velo-electrique
B153,reptile
B037,animal
M044,nourriture
L253,20/03
L236,01/09
M030,vehicule
B157,patates
M251,jet-pack
M145,mammifere
B044,activite
B159,espagne
B250,bilbao
M055,emplacement
B146,poisson
L144,jeux
B051,emplacement
B252,management
M034,emplacement
L243,gnocchis
M033,date
L044,emplacement
M151,fusee
B143,entreprise
L251,lamborghini
B151,mammifere
B039,vehicule
B239,banane
L053,emplacement
M237,boulanger
L142,mars
B246,patate douce
M042,animal
B249,nugget
M154,patates
L050,emplacement
M157,septembre
M146,boissons
M152,pates
M039,animal
M241,scarabee
M054,date
B233,20/09
B138,fevrier
B152,jeux
B132,pates
B135,fusee
L137,france
L246,truite
B244,biere
L248,cygne
M036,animal
B257,30/03
L135,artisanat
L040,nourriture
B030,vehicule
B158,mammifere
M236,yacht
L055,vehicule
B034,date
B056,activite
